first_name;last_name;mobile;email;user_idMarcus;Sanchez;111111;sanchez.marcus@gmail.com;4Marcus;Sanchez;222222;marcus@odesk.com;4Bob;Martin;12345;unclebob@mail.com;4Martin;Fowler;33123;martinagile@gmail.com;4Mike;Cohn;612432;mikecohn@mail.com;4Steve;Jobs;223324;steve@apple.com;4Jeff;Bezos;546465;jeff@amazon.com;4Bill;Joy;34234;bill@sun.com;4Bill;Gates;3424;bill@microsoft.com;4Linus;Torvals;231123;linus@linux.com;4Bjarne;Stroustrup;34234;bjarne@c.com;4Edsger;Dijkstra;234234;Dijkstra@algorithn.com;4Mark;Zuckerberg;123123;Zucker@facebook.com;4